{
  "model_type": "random_forest",
  "threshold": 0.5157502714581365,
  "metrics": {
    "f1": 0.5606299212598426,
    "precision": 0.6819923371647509,
    "recall": 0.47593582887700536,
    "accuracy": 0.8019872249822569,
    "auc": 0.8453718773411868
  },
  "best_params": {
    "n_estimators": 458,
    "max_depth": 15,
    "min_samples_split": 2,
    "min_samples_leaf": 7,
    "max_features": "sqrt"
  },
  "run_id": "0f19bdb767af4e2ba292df3b8e738512",
  "feature_set": "v3_clean"
}