{
  "threshold": 0.5603695164925194,
  "metrics": {
    "f1": 0.6459489456159823,
    "precision": 0.5521821631878557,
    "recall": 0.7780748663101604,
    "accuracy": 0.7735982966643009,
    "auc": 0.8464698132217314
  },
  "best_params": {
    "n_estimators": 300,
    "learning_rate": 0.01790255392911593,
    "max_depth": 5,
    "subsample": 0.9862791529240323,
    "colsample_bytree": 0.6842841767716535,
    "min_child_weight": 8,
    "gamma": 3.3489292837260547,
    "reg_alpha": 0.15637604995409715,
    "reg_lambda": 2.923751637446135
  },
  "run_id": "4f962d3a0cfa4c05adaff0f1eec3f265",
  "feature_set": "v3_clean"
}